t,pred,prey,prey2,grass,grass2
10,6,15,15,194,147
20,6,15,15,190,144
30,6,15,15,184,137
40,6,15,15,179,133
50,6,16,15,171,127
60,6,16,16,167,125
70,6,18,16,164,119
80,6,21,17,161,118
90,6,21,17,157,115
100,6,21,16,156,108
110,6,21,18,149,104
120,6,20,18,146,103
130,6,20,18,140,97
140,6,20,19,137,90
150,6,20,20,133,86
160,6,20,21,129,87
170,6,20,23,127,82
180,6,19,23,122,85
190,6,19,23,120,86
200,6,19,25,120,84
210,6,18,25,119,85
220,6,20,23,114,88
230,6,20,23,116,85
240,6,22,24,115,82
250,6,23,26,110,87
260,6,23,26,110,90
270,6,24,27,110,90
280,6,24,28,108,91
290,6,25,30,107,95
300,7,26,30,104,95
310,7,25,31,97,93
320,7,27,32,95,93
330,7,27,33,93,95
340,7,27,35,90,93
350,7,28,35,86,93
360,7,29,35,86,88
370,7,31,35,92,85
380,7,32,36,95,75
390,7,32,37,94,75
400,7,32,38,100,72
410,7,32,38,103,67
420,7,31,38,104,61
430,6,31,39,105,58
440,6,32,39,106,60
450,6,31,40,102,54
460,6,32,41,93,53
470,6,32,42,95,57
480,6,31,41,89,56
490,6,32,44,98,60
500,6,32,43,98,66
510,6,32,43,99,66
520,6,32,44,98,68
530,6,29,44,96,76
540,6,29,45,100,72
550,7,32,45,97,68
560,7,32,45,94,72
570,7,35,44,91,76
580,7,34,45,86,77
590,8,35,46,85,68
600,8,35,46,83,71
610,8,35,47,82,70
620,9,37,48,79,64
630,9,38,47,86,63
640,9,38,47,89,62
650,9,41,49,88,59
660,9,43,49,90,58
670,9,44,50,90,55
680,10,42,52,92,56
690,10,42,53,88,64
700,10,41,54,89,69
710,10,41,54,95,69
720,10,40,55,90,69
730,10,40,55,88,67
740,10,41,57,87,70
750,11,40,56,91,65
760,11,41,56,88,65
770,12,42,55,84,75
780,12,43,58,83,75
790,12,43,60,89,71
800,12,43,60,93,62
810,12,43,61,95,58
820,11,43,60,97,59
830,11,43,60,96,59
840,11,44,60,96,57
850,12,46,63,92,56
860,12,48,63,89,52
870,12,49,64,95,51
880,12,49,66,96,52
890,12,51,66,91,49
900,12,53,68,94,52
910,12,53,63,96,51
920,12,52,64,91,55
930,14,53,64,86,55
940,14,53,65,92,55
950,14,55,65,92,60
960,14,54,66,91,67
970,14,55,65,92,69
980,14,56,65,89,66
990,14,56,65,85,68
1000,14,56,66,83,66
1010,14,57,66,84,66
1020,13,57,66,80,66
1030,13,56,66,85,67
1040,13,58,66,89,69
1050,13,57,66,80,67
1060,13,58,67,83,64
1070,13,58,67,81,60
1080,13,60,67,87,64
1090,13,59,67,86,65
1100,13,58,67,92,70
1110,13,58,67,93,66
1120,13,58,67,91,67
1130,14,58,68,89,69
1140,14,58,68,93,69
1150,14,59,67,92,63
1160,14,59,66,89,65
1170,14,59,66,90,67
1180,15,59,63,85,73
1190,15,59,64,86,67
1200,15,59,65,89,65
1210,15,58,64,88,62
1220,15,58,63,84,58
1230,15,58,63,90,55
1240,15,57,63,88,51
1250,15,57,63,92,47
1260,15,59,62,84,49
1270,15,60,59,85,53
1280,15,61,61,83,56
1290,15,60,61,80,56
1300,15,60,61,82,58
1310,15,60,61,88,59
1320,15,59,61,87,58
1330,16,60,60,87,55
1340,16,61,62,89,57
1350,15,60,61,93,60
1360,15,60,60,95,69
1370,15,61,60,93,70
1380,15,62,60,93,67
1390,15,60,56,93,70
1400,15,53,55,93,70
1410,15,52,55,88,71
1420,16,52,56,86,67
1430,17,52,56,87,63
1440,17,53,57,90,64
1450,17,53,58,91,67
1460,18,52,58,86,64
1470,18,49,57,85,63
1480,18,48,59,85,65
1490,18,48,60,83,68
1500,18,48,59,86,64
1510,18,47,55,82,59
1520,20,47,56,86,60
1530,20,46,56,83,64
1540,20,47,56,84,65
1550,21,47,56,91,67
1560,21,45,60,95,70
1570,21,45,60,94,75
1580,22,46,62,94,76
1590,22,45,60,101,77
1600,21,43,60,103,73
1610,21,45,60,109,79
1620,21,44,60,109,78
1630,21,44,59,110,78
1640,21,43,59,115,69
1650,21,42,58,119,71
1660,20,41,58,121,72
1670,20,41,57,116,75
1680,20,42,59,115,76
1690,19,43,61,120,76
1700,19,44,62,114,75
1710,20,44,62,113,69
1720,19,43,62,115,65
1730,19,41,63,113,66
1740,19,40,61,117,62
1750,19,38,61,115,61
1760,20,39,60,115,61
1770,20,39,60,115,61
1780,20,37,58,111,61
1790,20,36,59,108,67
1800,21,36,60,106,67
1810,21,36,61,101,71
1820,22,35,61,98,69
1830,22,34,61,90,67
1840,23,34,60,88,67
1850,23,34,58,92,68
1860,22,35,58,93,71
1870,22,37,56,91,75
1880,21,39,56,92,74
1890,20,40,55,91,73
1900,20,42,56,89,76
1910,21,42,54,90,75
1920,21,41,54,85,75
1930,21,39,55,91,80
1940,21,39,55,88,79
1950,21,40,54,88,73
1960,21,40,52,93,70
1970,21,41,52,96,69
1980,21,41,51,103,69
1990,21,39,50,109,68
2000,21,38,49,111,70
2010,21,38,49,113,70
2020,20,39,49,118,69
2030,20,40,49,113,72
2040,20,40,48,114,75
2050,20,40,48,114,74
2060,20,40,47,110,75
2070,20,39,47,108,77
2080,21,39,47,104,71
2090,21,35,48,101,75
2100,21,34,49,100,80
2110,22,33,47,93,81
2120,22,31,47,96,83
2130,22,32,48,98,84
2140,22,32,47,96,85
2150,21,34,47,102,83
2160,21,32,45,100,81
2170,21,32,44,101,84
2180,20,34,44,106,81
2190,20,34,45,110,83
2200,19,32,42,108,79
2210,19,32,44,110,78
2220,19,29,43,110,79
2230,20,30,42,115,81
2240,20,30,42,121,81
2250,21,29,41,125,83
2260,21,28,36,128,83
2270,21,28,36,129,80
2280,21,26,37,136,78
2290,21,23,38,141,79
2300,21,21,42,141,81
2310,21,21,42,139,83
2320,22,21,40,139,76
2330,23,20,40,140,81
2340,23,19,40,141,78
2350,24,19,40,144,79
2360,24,20,36,142,82
2370,24,20,35,144,84
2380,24,19,34,149,88
2390,24,19,34,150,87
2400,23,20,34,150,85
2410,23,20,33,147,86
2420,23,20,32,147,87
2430,23,22,31,150,89
2440,23,22,30,150,90
2450,23,16,29,151,94
2460,24,13,27,149,98
2470,24,12,29,148,105
2480,25,12,27,149,102
2490,25,12,27,149,101
2500,26,12,26,154,102
2510,26,11,26,155,104
2520,25,11,27,156,102
2530,25,12,27,151,102
2540,27,12,27,153,104
2550,27,12,27,150,110
2560,27,12,27,152,111
2570,27,13,26,150,110
2580,26,13,26,154,108
2590,26,14,26,154,107
2600,26,12,25,156,107
2610,26,12,26,156,105
2620,26,13,25,159,106
2630,26,13,23,162,103
2640,25,14,19,163,105
2650,25,12,19,163,106
2660,25,13,19,162,103
2670,25,14,17,162,106
2680,24,12,18,163,106
2690,24,12,19,161,104
2700,24,11,17,159,103
2710,23,10,14,159,104
2720,22,10,15,155,108
2730,23,11,14,156,111
2740,23,10,14,153,110
2750,24,9,14,157,109
2760,24,9,14,154,108
2770,24,9,13,156,108
2780,24,9,13,154,112
2790,25,10,13,153,113
2800,25,10,14,151,115
2810,25,11,14,148,115
2820,25,11,12,147,116
2830,25,11,12,148,116
2840,24,12,13,149,119
2850,24,12,13,151,121
2860,24,12,14,151,117
2870,24,12,14,153,117
2880,25,11,15,157,119
2890,25,11,15,157,120
2900,25,11,15,160,122
2910,25,11,13,162,124
2920,24,12,12,165,126
2930,22,11,12,167,126
2940,22,12,12,163,124
2950,21,12,11,160,123
2960,20,13,10,163,124
2970,20,13,10,163,126
2980,20,13,11,164,126
2990,20,13,10,166,122
3000,19,13,9,162,121
3010,17,13,9,161,126
3020,17,13,9,159,122
3030,17,13,10,156,122
3040,17,15,11,154,121
3050,17,15,12,151,121
3060,16,16,11,147,118
3070,14,16,9,146,116
3080,14,16,9,143,115
3090,12,16,10,141,119
3100,12,16,10,136,120
3110,12,17,11,135,117
3120,12,18,11,138,113
3130,12,19,10,140,114
3140,12,21,10,137,119
3150,11,21,10,138,119
3160,11,21,10,134,114
3170,8,21,10,135,118
3180,8,22,10,134,117
3190,8,23,10,133,118
3200,8,23,12,136,117
3210,8,24,13,137,118
3220,7,24,13,138,117
3230,7,25,14,138,112
3240,7,24,14,138,109
3250,7,25,14,140,105
3260,7,24,15,139,105
3270,7,25,15,144,104
3280,7,25,15,149,101
3290,7,24,16,150,100
3300,7,25,18,147,99
3310,6,25,19,145,97
3320,5,25,19,142,94
3330,5,25,19,140,95
3340,5,23,19,140,100
3350,5,23,20,135,99
3360,5,25,20,136,99
3370,5,25,20,138,101
3380,5,25,20,135,106
3390,5,26,20,134,103
3400,4,26,22,130,103
3410,4,26,23,129,107
3420,4,27,24,128,108
3430,5,28,24,123,111
3440,5,30,24,124,113
3450,5,31,24,117,113
3460,5,32,24,112,115
3470,5,34,25,105,114
3480,5,33,25,104,109
3490,5,36,25,99,104
3500,5,36,25,105,100
3510,5,37,25,103,100
3520,5,37,25,103,97
3530,5,38,25,99,93
3540,5,39,25,94,95
3550,5,38,25,91,92
3560,5,39,24,91,84
3570,5,39,24,90,84
3580,5,40,25,90,85
3590,4,39,25,84,83
3600,4,42,25,84,84
3610,4,43,26,90,79
3620,4,42,27,88,78
3630,4,44,29,90,79
3640,4,46,28,89,78
3650,4,47,28,86,82
3660,4,47,28,83,80
3670,4,48,29,86,80
3680,4,49,30,84,78
3690,4,51,31,89,78
3700,4,51,32,87,80
3710,4,52,33,81,84
3720,4,54,34,79,83
3730,4,54,34,80,85
3740,5,54,35,75,86
3750,5,54,35,77,87
3760,5,56,36,73,89
3770,6,56,37,77,92
3780,6,55,37,75,87
3790,6,54,38,67,84
3800,6,55,38,67,81
3810,7,56,39,65,76
3820,7,58,39,62,73
3830,7,56,40,64,74
3840,7,57,40,69,74
3850,8,57,40,69,70
3860,8,58,40,68,70
3870,8,59,40,65,68
3880,8,60,40,65,64
3890,8,63,40,74,62
3900,8,63,39,78,57
3910,8,64,39,74,57
3920,8,65,39,81,55
3930,8,66,39,77,54
3940,8,68,39,80,56
3950,8,68,39,72,54
3960,8,70,40,74,56
3970,8,71,40,73,61
3980,8,72,39,69,61
3990,8,71,38,66,64
4000,8,72,42,72,65
4010,8,71,44,73,62
4020,7,72,46,69,63
4030,7,72,47,70,68
4040,7,76,47,68,66
4050,8,76,48,67,65
4060,8,78,49,71,63
4070,8,78,49,69,60
4080,8,80,50,65,64
4090,8,82,51,68,62
4100,8,83,53,64,56
4110,7,82,55,67,52
4120,7,86,54,67,54
4130,7,89,53,74,55
4140,8,89,53,72,59
4150,8,90,53,65,56
4160,8,89,55,68,58
4170,8,89,54,71,56
4180,8,88,57,69,53
4190,8,91,56,65,52
4200,8,93,55,68,55
4210,9,94,55,66,57
4220,9,94,55,66,61
4230,9,93,55,70,58
4240,9,92,55,70,53
4250,9,91,56,71,57
4260,9,92,55,69,56
4270,9,93,57,67,58
4280,9,93,57,70,63
4290,9,94,57,70,62
4300,9,94,56,72,64
4310,10,93,56,68,65
4320,10,90,56,70,69
4330,10,89,56,77,69
4340,10,90,57,82,68
4350,11,90,57,87,69
4360,11,89,58,84,69
4370,11,88,58,89,69
4380,11,87,59,87,68
4390,11,87,57,78,71
4400,11,86,61,74,66
4410,11,88,63,71,70
4420,11,88,63,72,69
4430,11,92,62,64,65
4440,11,93,63,68,59
4450,11,93,64,64,54
4460,11,92,62,68,51
4470,11,89,59,67,55
4480,12,89,53,68,55
4490,12,87,53,66,57
4500,12,84,52,60,59
4510,12,79,53,64,60
4520,12,79,54,63,62
4530,12,80,55,61,60
4540,12,83,54,65,60
4550,13,83,54,65,55
4560,13,80,52,63,52
4570,13,78,51,72,50
4580,13,78,53,74,47
4590,13,78,54,84,51
4600,13,78,55,76,57
4610,14,79,55,78,56
4620,14,77,55,76,56
4630,14,80,54,76,58
4640,15,81,55,75,54
4650,15,79,55,69,55
4660,15,81,54,62,53
4670,15,79,55,62,51
4680,16,77,55,67,51
4690,16,78,57,70,52
4700,16,77,55,65,57
4710,16,76,55,65,58
4720,17,76,55,65,59
4730,17,76,54,65,65
4740,17,76,54,67,61
4750,17,76,53,67,58
4760,17,75,51,64,65
4770,18,76,50,58,63
4780,19,72,50,65,54
4790,20,74,52,70,58
4800,19,73,53,79,59
4810,19,72,53,90,57
4820,19,71,52,85,62
4830,19,71,53,81,63
4840,21,71,53,85,64
4850,21,71,52,83,64
4860,21,70,51,86,63
4870,22,69,51,84,63
4880,22,68,50,90,64
4890,22,66,48,85,66
4900,23,66,47,88,70
4910,24,68,47,88,68
4920,24,65,48,86,63
4930,24,59,49,85,65
4940,24,57,47,87,64
4950,24,59,46,85,65
4960,24,58,46,85,75
4970,24,59,46,86,70
4980,25,56,46,84,66
4990,24,56,47,84,70
5000,24,54,47,91,72
5010,25,55,47,95,71
5020,25,55,47,95,72
5030,25,54,46,103,72
5040,25,53,45,102,78
5050,25,50,45,102,75
5060,25,49,46,98,79
5070,25,48,45,102,84
5080,25,47,45,100,83
5090,26,47,47,102,83
5100,28,46,47,106,90
5110,28,44,47,110,86
5120,28,42,47,110,88
5130,28,44,46,111,93
5140,28,44,44,110,95
5150,29,44,44,110,94
5160,29,43,41,115,98
5170,29,43,39,114,98
5180,29,42,39,108,102
5190,30,42,40,107,100
5200,30,39,37,109,98
5210,30,38,37,104,93
5220,30,36,36,109,90
5230,30,35,35,112,94
5240,32,32,33,115,93
5250,33,33,32,116,87
5260,34,32,32,115,87
5270,34,29,32,118,88
5280,34,28,32,121,82
5290,34,27,31,123,82
5300,33,29,31,124,86
5310,34,29,31,121,84
5320,34,30,30,114,82
5330,32,29,30,117,80
5340,32,29,31,118,83
5350,32,29,32,116,88
5360,33,27,32,124,90
5370,34,28,32,125,95
5380,34,27,31,125,96
5390,34,26,29,131,97
5400,34,27,26,132,102
5410,34,26,25,132,106
5420,34,27,25,135,111
5430,33,26,25,136,114
5440,32,24,26,138,115
5450,32,21,27,136,113
5460,31,19,24,135,111
5470,31,21,22,135,111
5480,31,21,21,141,113
5490,32,18,20,145,112
5500,30,18,16,149,112
5510,30,16,17,149,113
5520,30,16,15,150,114
5530,32,17,15,156,113
5540,32,17,15,153,116
5550,33,16,14,155,111
5560,33,16,14,157,108
5570,34,16,12,153,107
5580,33,17,12,151,109
5590,33,13,12,151,110
5600,34,11,12,153,110
5610,34,12,13,155,111
5620,34,11,14,157,114
5630,34,9,13,158,115
5640,33,7,12,159,115
5650,33,7,12,162,115
5660,33,7,11,163,115
5670,32,7,10,164,115
5680,31,7,9,166,115
5690,29,7,9,169,115
5700,29,7,9,170,117
5710,29,7,9,172,121
5720,29,4,8,175,122
5730,28,4,7,177,122
5740,27,4,7,177,120
5750,26,4,7,180,120
5760,25,5,8,183,124
5770,25,5,8,185,125
5780,26,5,5,185,125
5790,26,4,4,186,125
5800,25,4,3,185,126
5810,25,4,3,187,127
5820,23,5,3,184,128
5830,23,5,3,186,129
5840,23,5,3,184,129
5850,22,5,3,184,134
5860,22,5,3,183,136
5870,22,6,3,181,137
5880,22,6,3,181,136
5890,22,6,3,180,138
5900,20,6,3,177,140
5910,19,6,4,173,141
5920,18,6,4,173,139
5930,17,7,4,172,141
5940,17,7,4,173,142
5950,17,8,3,172,143
5960,17,6,3,172,140
5970,17,6,3,173,140
5980,17,6,3,173,138
5990,16,6,3,174,139
6000,16,6,4,176,137
6010,16,6,4,176,136
6020,16,6,4,175,136
6030,15,6,4,175,135
6040,13,6,5,177,135
6050,13,6,6,178,135
6060,11,6,6,178,134
6070,11,6,6,178,135
6080,11,5,6,180,134
6090,11,5,6,183,134
6100,10,5,6,183,133
6110,9,5,6,183,136
6120,8,5,6,183,134
6130,7,5,6,182,134
6140,8,5,5,180,132
6150,8,5,5,179,132
6160,7,6,5,177,131
6170,7,6,5,174,131
6180,7,7,5,173,135
6190,7,7,5,171,134
6200,7,7,5,173,135
6210,7,8,5,171,134
6220,7,8,5,168,132
6230,6,8,5,168,131
6240,6,8,5,167,131
6250,6,9,5,168,128
6260,6,7,5,168,127
6270,6,7,6,167,128
6280,6,8,6,166,129
6290,6,8,6,166,130
6300,6,7,6,165,131
6310,6,8,6,166,129
6320,6,9,8,168,127
6330,6,9,8,167,126
6340,6,9,8,169,127
6350,6,12,9,170,124
6360,6,12,9,169,124
6370,6,12,10,170,127
6380,5,11,10,169,126
6390,5,11,11,168,126
6400,5,10,11,167,126
6410,5,10,11,166,126
6420,5,10,11,165,125
6430,5,10,12,162,125
6440,5,10,14,160,124
6450,5,12,13,157,120
6460,5,12,14,159,119
6470,4,12,14,156,117
6480,4,12,14,155,116
6490,4,14,14,154,113
6500,4,14,14,151,112
6510,4,14,14,151,109
6520,4,15,15,148,105
6530,3,16,16,146,102
6540,3,16,16,144,101
6550,3,16,17,144,99
6560,3,16,18,141,95
6570,2,17,18,140,96
6580,2,18,18,141,93
6590,2,18,18,141,93
6600,2,18,18,142,93
6610,2,20,18,140,95
6620,2,21,18,139,95
6630,2,22,18,136,92
6640,2,24,18,133,94
6650,2,23,19,134,94
6660,2,22,20,130,91
6670,2,23,20,127,90
6680,2,24,20,125,91
6690,2,25,21,122,90
6700,2,25,21,115,90
6710,2,26,22,112,92
6720,2,27,22,111,89
6730,2,28,22,102,91
6740,2,30,25,101,88
6750,2,31,26,98,83
6760,2,31,29,94,83
6770,2,32,31,88,81
6780,2,33,32,83,83
6790,2,33,34,79,77
6800,2,33,35,80,75
6810,2,34,37,80,77
6820,2,34,37,77,76
6830,2,35,38,69,71
6840,2,37,38,69,69
6850,2,39,40,71,69
6860,2,39,41,72,66
6870,2,41,42,75,66
6880,2,42,43,82,68
6890,2,43,44,81,64
6900,3,44,46,77,66
6910,3,44,46,76,66
6920,3,47,46,77,67
6930,4,49,46,83,65
6940,4,49,46,77,65
6950,4,49,46,82,69
6960,4,50,47,80,67
6970,4,52,48,85,67
6980,4,52,48,86,69
6990,4,53,50,81,67
7000,4,54,51,77,66
7010,4,56,54,79,68
7020,4,61,55,75,68
7030,4,61,55,72,62
7040,5,61,55,68,63
7050,5,61,55,68,63
7060,5,64,57,67,56
7070,5,65,57,65,53
7080,5,67,58,65,50
7090,5,66,61,70,47
7100,5,69,61,71,41
7110,5,68,62,69,38
7120,6,69,63,69,36
7130,6,69,64,59,41
7140,6,70,64,57,43
7150,6,73,67,51,42
7160,6,72,67,48,37
7170,6,72,69,51,36
7180,6,73,69,55,39
7190,6,73,73,58,39
7200,6,75,70,60,40
7210,6,79,69,58,43
7220,6,79,70,58,45
7230,6,78,69,57,49
7240,6,79,69,55,49
7250,7,79,68,62,47
7260,7,78,68,59,49
7270,7,77,71,66,49
7280,7,79,71,65,47
7290,7,78,75,62,44
7300,7,80,75,64,43
7310,7,82,76,68,42
7320,7,83,78,64,43
7330,8,84,78,73,43
7340,8,85,77,75,43
7350,9,85,76,73,43
7360,9,86,77,65,45
7370,9,89,79,66,48
7380,9,87,77,67,41
7390,9,88,77,62,42
7400,9,89,77,54,41
7410,9,89,76,58,40
7420,9,90,76,53,39
7430,9,91,77,50,42
7440,9,92,76,49,46
7450,9,92,77,46,49
7460,9,92,78,45,55
7470,9,94,81,55,50
7480,9,92,84,57,49
7490,10,93,85,58,49
7500,10,93,86,52,48
7510,10,94,86,50,46
7520,10,93,84,53,40
7530,10,95,81,50,44
7540,12,96,80,60,50
7550,12,94,80,62,53
7560,12,94,81,65,50
7570,12,94,82,65,53
7580,12,94,81,70,54
7590,12,95,83,74,53
7600,12,95,82,73,54
7610,12,92,81,70,52
7620,13,88,81,69,53
7630,13,89,81,68,47
7640,13,90,82,63,50
7650,13,88,81,58,49
7660,13,89,83,54,50
7670,13,90,85,49,53
7680,14,89,86,58,54
7690,14,88,84,58,53
7700,15,89,85,48,52
7710,16,89,84,50,56
7720,16,90,84,43,60
7730,17,88,84,43,55
7740,17,87,85,45,55
7750,17,89,85,51,52
7760,17,87,86,51,50
7770,17,87,87,53,52
7780,16,87,86,56,56
7790,16,87,86,65,56
7800,15,85,86,70,58
7810,14,86,86,67,62
7820,16,87,88,69,61
7830,17,85,87,69,64
7840,17,84,86,72,64
7850,17,82,84,72,63
7860,17,83,83,72,65
7870,17,82,83,71,57
7880,17,83,82,75,61
7890,17,81,82,71,58
7900,18,76,82,76,60
7910,18,77,82,71,62
7920,18,74,81,69,64
7930,18,70,79,68,62
7940,18,69,80,70,57
7950,18,67,81,67,59
7960,18,65,81,71,60
7970,19,65,82,69,57
7980,20,62,81,66,60
7990,20,63,79,66,60
8000,20,62,77,72,63
8010,22,62,77,75,60
8020,22,62,77,73,63
8030,22,61,74,76,58
8040,23,62,72,73,63
8050,24,59,73,75,59
8060,24,59,72,79,61
8070,24,58,72,77,61
8080,24,59,71,76,62
8090,25,55,72,71,65
8100,27,56,74,69,63
8110,27,57,72,68,56
8120,28,58,71,68,59
8130,28,59,70,69,58
8140,28,58,70,77,61
8150,27,54,69,83,61
8160,27,52,69,78,65
8170,27,52,67,79,69
8180,27,52,65,82,69
8190,27,52,64,82,68
8200,27,51,63,86,72
8210,28,50,63,90,74
8220,28,52,61,87,75
8230,28,52,60,87,69
8240,27,52,55,86,70
8250,27,49,54,92,68
8260,27,49,52,95,74
8270,27,49,54,98,73
8280,27,49,55,102,75
8290,26,48,55,105,77
8300,26,50,54,102,76
8310,26,49,50,110,72
8320,26,51,47,106,65
8330,26,47,44,102,64
8340,26,48,42,103,62
8350,26,49,42,97,61
8360,27,49,41,94,65
8370,27,49,42,92,68
8380,27,48,41,93,76
8390,27,47,40,94,81
8400,28,45,40,94,84
8410,28,46,38,95,83
8420,29,45,36,99,86
8430,29,46,35,104,81
8440,30,46,34,103,85
8450,30,45,34,106,90
8460,30,43,32,106,90
8470,30,39,33,104,92
8480,30,35,32,107,96
8490,29,36,31,102,99
8500,29,35,31,104,98
8510,30,36,32,106,99
8520,30,35,34,112,96
8530,31,35,34,114,96
8540,31,34,33,119,94
8550,30,34,30,123,94
8560,30,34,30,121,94
8570,31,32,30,121,93
8580,31,32,29,121,92
8590,31,35,28,123,93
8600,32,36,29,123,92
8610,33,37,29,125,94
8620,32,36,28,124,94
8630,31,36,26,121,93
8640,29,33,26,119,94
8650,29,33,26,118,99
8660,29,33,26,119,100
8670,28,34,26,121,97
8680,27,33,25,122,99
8690,27,33,23,117,99
8700,27,32,26,114,101
8710,27,32,25,116,102
8720,28,34,26,116,104
8730,28,34,26,117,104
8740,28,33,26,119,104
8750,26,34,26,117,101
8760,26,33,24,120,97
8770,26,33,25,121,97
8780,27,32,23,121,98
8790,27,31,23,117,98
8800,26,29,21,121,95
8810,26,27,21,119,92
8820,26,28,23,121,96
8830,26,27,23,123,94
8840,25,27,23,123,92
8850,24,26,23,123,93
8860,24,24,23,123,94
8870,24,25,23,128,93
8880,26,24,23,124,95
8890,25,25,22,119,94
8900,25,25,22,118,92
8910,26,25,21,120,96
8920,26,25,21,120,94
8930,26,27,22,122,93
8940,26,27,23,122,95
8950,26,28,23,122,92
8960,26,31,23,127,94
8970,26,32,24,128,94
8980,26,32,24,123,94
8990,25,31,25,127,93
9000,25,30,24,129,92
9010,25,30,24,130,92
9020,25,29,22,132,96
9030,25,29,21,133,99
9040,25,26,21,135,100
9050,25,26,22,136,105
9060,25,23,23,142,104
9070,25,21,21,145,108
9080,25,20,23,144,106
9090,25,19,21,148,105
9100,23,18,19,154,110
9110,24,19,18,153,110
9120,24,20,18,153,112
9130,23,20,18,153,115
9140,23,20,17,153,119
9150,23,20,15,154,121
9160,23,19,14,155,122
9170,23,19,14,154,119
9180,23,18,14,157,117
9190,23,18,14,156,116
9200,23,18,14,156,114
9210,23,17,15,156,116
9220,23,15,14,155,116
9230,23,14,14,155,120
9240,23,17,14,155,123
9250,23,16,14,156,124
9260,23,16,14,157,126
9270,23,16,14,157,125
9280,23,14,14,157,122
9290,21,14,13,160,120
9300,21,14,13,160,119
9310,20,14,13,164,117
9320,20,14,13,163,118
9330,20,13,11,165,119
9340,19,12,11,166,118
9350,19,12,11,167,125
9360,19,11,11,166,124
9370,19,12,11,170,126
9380,18,12,10,170,126
9390,18,11,8,167,122
9400,18,11,8,171,123
9410,18,11,7,172,119
9420,19,11,6,171,120
9430,17,11,6,171,120
9440,16,11,6,171,121
9450,16,12,7,171,121
9460,16,13,8,171,123
9470,17,11,7,171,123
9480,18,11,6,173,124
9490,18,11,6,173,126
9500,18,11,5,173,125
9510,18,11,5,174,128
9520,17,12,5,174,127
9530,17,12,5,176,125
9540,17,12,5,176,129
9550,17,11,4,173,127
9560,17,11,5,172,128
9570,17,11,5,176,128
9580,17,12,5,172,128
9590,16,13,5,169,127
9600,16,13,6,169,126
9610,16,15,6,167,127
9620,16,15,6,168,123
9630,16,15,7,169,121
9640,14,16,7,167,122
9650,14,16,7,165,124
9660,13,16,7,165,122
9670,13,16,7,162,122
9680,13,16,7,159,123
9690,13,17,7,154,122
9700,13,18,6,154,124
9710,13,17,5,153,124
9720,13,16,5,150,123
9730,12,14,6,153,124
9740,12,13,6,156,124
9750,10,13,6,155,125
9760,10,13,7,158,123
9770,9,13,7,160,125
9780,9,13,7,161,126
9790,9,14,7,162,128
9800,9,14,9,159,122
9810,9,14,9,158,123
9820,9,14,9,161,120
9830,8,14,9,161,120
9840,8,14,9,157,122
9850,7,15,8,157,122
9860,7,15,8,157,120
9870,7,17,8,160,118
9880,8,17,9,160,118
9890,7,18,9,159,118
9900,7,19,10,159,112
9910,7,19,10,156,112
9920,7,18,10,154,109
9930,7,17,10,151,105
9940,7,17,10,147,103
9950,7,17,10,148,107
9960,7,17,10,147,104
9970,7,18,10,146,106
9980,7,18,10,146,108
9990,7,18,10,145,106
10000,7,18,10,144,105
10010,7,19,10,144,103
10020,7,19,11,144,105
10030,7,19,13,141,100
10040,6,20,13,139,103
10050,6,19,13,141,106
10060,6,19,13,139,104
10070,6,19,13,140,107
10080,6,19,13,139,110
10090,6,20,13,135,111
10100,6,21,14,135,112
10110,6,22,13,137,116
10120,6,22,13,137,113
10130,6,22,13,136,108
10140,6,22,12,134,107
10150,6,24,12,127,105
10160,6,24,12,122,107
10170,6,23,13,122,108
10180,6,25,13,120,110
10190,6,25,14,120,110
10200,6,26,14,118,109
10210,6,25,14,118,109
10220,6,25,14,117,107
10230,6,28,15,109,111
10240,6,28,15,108,109
10250,6,29,16,104,106
10260,7,30,17,101,105
10270,7,30,17,103,105
10280,7,30,17,104,107
10290,7,30,16,101,109
10300,7,32,19,100,110
10310,7,33,19,100,110
10320,7,34,21,103,107
10330,7,34,20,109,107
10340,7,34,21,111,104
10350,7,35,21,108,103
10360,8,36,22,112,99
10370,8,36,22,109,98
10380,8,35,22,106,95
10390,8,35,23,106,90
10400,8,36,24,102,90
10410,8,38,25,103,85
10420,8,38,25,104,88
10430,8,38,24,102,84
10440,8,39,24,105,83
10450,8,39,25,109,78
10460,8,42,26,104,77
10470,8,40,26,104,72
10480,8,40,26,105,74
10490,8,44,27,103,75
10500,8,44,27,96,72
10510,8,47,27,97,73
10520,8,47,27,92,74
10530,8,48,27,86,75
10540,7,48,28,80,82
10550,7,47,29,83,83
10560,7,50,30,84,86
10570,7,51,31,82,83
10580,7,53,33,88,83
10590,7,54,34,97,81
10600,6,55,34,94,80
10610,6,55,34,96,79
10620,6,56,32,93,79
10630,6,57,29,90,81
10640,6,57,30,86,76
10650,6,61,30,78,83
10660,6,61,30,78,81
10670,6,63,29,75,79
10680,6,59,28,74,75
10690,6,60,28,72,72
10700,7,63,30,67,71
10710,7,62,30,64,68
10720,7,66,30,69,67
10730,7,68,29,65,69
10740,7,69,31,68,67
10750,7,68,32,66,64
10760,7,67,32,65,64
10770,7,68,32,59,67
10780,7,68,33,60,67
10790,7,69,34,62,67
10800,7,70,34,63,65
10810,8,72,35,56,63
10820,8,72,38,62,59
10830,8,74,37,66,61
10840,8,76,36,72,59
10850,8,75,37,76,57
10860,8,77,37,71,59
10870,8,78,37,67,58
10880,8,79,38,73,56
10890,10,79,39,76,57
10900,10,79,41,70,61
10910,10,81,40,65,63
10920,10,79,39,57,64
10930,10,79,40,55,62
10940,10,79,41,50,64
10950,11,80,41,48,63
10960,11,79,41,50,64
10970,11,82,40,48,62
10980,11,80,41,49,61
10990,11,78,44,54,63
11000,12,77,44,55,68
11010,12,76,44,60,65
11020,12,76,45,55,67
11030,12,78,45,57,69
11040,12,78,46,64,68
11050,12,76,46,63,72
11060,12,73,45,60,75
11070,12,73,45,66,75
11080,12,73,46,68,74
11090,12,71,45,72,74
11100,12,72,46,81,77
11110,12,71,47,85,75
11120,12,72,48,86,77
11130,12,73,48,88,78
11140,12,72,49,86,74
11150,12,72,50,88,73
11160,12,71,50,83,68
11170,12,70,49,84,67
11180,12,70,50,86,66
11190,12,70,50,89,63
11200,12,68,52,89,63
11210,12,66,52,89,58
11220,12,63,50,89,55
11230,12,63,52,89,53
11240,12,64,52,93,46
11250,12,65,53,91,45
11260,12,65,53,84,47
11270,12,66,53,82,50
11280,13,66,54,78,51
11290,14,67,53,81,56
11300,15,66,53,85,60
11310,16,66,53,90,67
11320,16,64,54,91,69
11330,16,62,54,91,70
11340,17,62,55,96,68
11350,17,61,55,98,70
11360,18,61,54,95,76
11370,18,60,55,90,80
11380,18,59,56,90,82
11390,18,59,57,91,86
11400,20,59,54,95,84
11410,20,57,54,100,81
11420,20,56,54,103,79
11430,20,59,53,100,73
11440,20,61,53,100,75
11450,20,62,52,100,71
11460,20,63,51,98,71
11470,20,60,52,96,74
11480,21,57,52,93,72
11490,21,54,53,89,71
11500,21,53,52,90,68
11510,21,52,51,90,67
11520,21,51,50,89,72
11530,21,52,50,88,74
11540,21,50,49,93,76
11550,21,48,49,91,73
11560,21,43,49,92,77
11570,21,43,48,89,82
11580,23,44,50,89,85
11590,23,45,50,91,83
11600,23,44,50,83,81
11610,23,45,52,80,83
11620,23,45,53,84,80
11630,23,46,53,87,79
11640,23,43,53,87,80
11650,22,44,52,87,83
11660,23,43,52,87,79
11670,23,43,52,90,80
11680,23,41,52,93,81
11690,23,41,52,93,81
11700,23,41,51,102,86
11710,23,40,51,102,86
11720,23,40,45,104,84
11730,23,40,45,106,85
11740,23,40,44,105,85
11750,23,36,42,111,91
11760,23,36,41,117,89
11770,24,33,39,118,88
11780,24,34,39,120,90
11790,25,34,39,124,90
11800,25,33,39,122,93
11810,26,32,38,121,97
11820,26,31,39,123,98
11830,25,30,39,124,96
11840,25,30,39,124,99
11850,24,33,39,122,98
11860,25,30,38,125,93
11870,26,30,37,120,95
11880,26,30,36,119,94
11890,26,29,35,121,95
11900,26,25,33,122,91
11910,26,25,29,123,95
11920,29,26,25,127,96
11930,30,26,24,134,96
11940,30,27,22,136,95
11950,30,28,22,131,93
11960,30,28,22,130,91
11970,31,29,21,129,93
11980,31,31,21,130,96
11990,31,31,21,130,99
12000,30,31,20,131,100
12010,29,31,18,133,102
12020,30,31,16,135,101
12030,30,33,15,137,103
12040,30,33,15,135,106
12050,30,33,14,135,109
12060,30,33,15,133,108
12070,30,34,15,133,108
12080,30,34,15,129,108
12090,30,32,12,129,111
12100,29,31,9,130,111
12110,29,30,8,131,113
12120,29,31,8,130,113
12130,30,28,8,136,115
12140,30,28,6,139,115
12150,30,28,6,141,115
12160,30,26,7,137,117
12170,30,24,7,139,120
12180,30,22,8,141,122
12190,29,22,8,141,124
12200,28,24,7,142,124
12210,28,24,7,142,126
12220,29,23,7,143,129
12230,29,23,7,149,127
12240,29,23,6,151,127
12250,29,22,7,149,128
12260,29,23,7,152,128
12270,29,22,7,156,128
12280,29,18,6,155,125
12290,29,16,5,158,125
12300,30,14,5,159,127
12310,29,14,5,161,128
12320,28,14,5,161,128
12330,28,15,5,160,126
12340,25,16,4,165,125
12350,24,17,4,163,126
12360,23,17,4,164,126
12370,22,17,5,160,125
12380,20,16,5,153,125
12390,20,17,5,154,127
12400,20,18,5,158,125
12410,20,18,5,154,129
12420,20,17,6,154,128
12430,20,16,5,156,126
12440,20,16,5,154,125
12450,20,17,5,153,124
12460,20,18,4,152,127
12470,20,17,4,150,127
12480,20,17,4,149,130
12490,20,17,5,141,130
12500,21,17,5,142,128
12510,20,16,5,140,129
12520,20,14,6,137,127
12530,20,13,6,140,127
12540,20,13,5,139,125
12550,20,13,6,142,125
12560,18,13,6,146,124
12570,17,13,6,144,124
12580,17,12,6,142,124
12590,17,12,6,146,122
12600,17,11,6,148,122
12610,17,12,6,150,124
12620,17,13,6,152,123
12630,17,13,6,153,121
12640,16,13,6,155,120
12650,16,13,8,153,119
12660,16,13,8,151,117
12670,16,12,8,157,119
12680,15,12,8,154,120
12690,15,13,8,156,116
12700,15,13,8,156,118
12710,14,12,10,158,119
12720,13,12,10,161,119
12730,12,12,10,161,117
12740,12,13,11,160,119
12750,12,13,11,160,117
12760,12,13,10,159,117
12770,11,13,10,160,118
12780,10,13,11,156,119
12790,10,13,11,153,118
12800,10,14,11,148,122
12810,9,14,10,150,122
12820,9,16,10,151,120
12830,9,15,10,151,120
12840,9,16,10,153,124
12850,9,17,11,153,124
12860,8,17,11,153,125
12870,8,17,11,150,125
12880,7,17,11,151,127
12890,6,17,12,148,125
12900,6,17,12,145,124
12910,6,17,12,141,124
12920,6,17,13,139,121
12930,7,18,12,133,119
12940,7,20,12,134,121
12950,7,21,12,134,121
12960,7,23,13,134,119
12970,7,24,13,129,118
12980,6,24,14,132,113
12990,6,23,14,131,114
13000,6,23,14,126,114
13010,6,24,16,125,111
13020,6,24,17,122,108
13030,6,24,17,116,106
13040,6,25,19,114,107
13050,7,27,19,110,104
13060,7,27,20,107,102
13070,6,26,20,102,102
13080,6,26,21,105,102
13090,6,26,22,102,101
13100,6,26,23,100,95
13110,6,28,23,103,93
13120,6,30,24,104,89
13130,6,32,25,103,90
13140,6,32,25,102,88
13150,6,32,24,101,83
13160,6,32,25,94,83
13170,6,32,25,90,87
13180,6,34,25,93,86
13190,6,30,26,85,84
13200,6,28,26,88,79
13210,7,28,28,94,80
13220,7,29,28,97,76
13230,7,28,27,101,79
13240,6,29,28,106,77
13250,6,29,28,108,79
13260,6,29,28,106,81
13270,6,29,28,109,79
13280,6,31,28,109,78
13290,6,31,30,110,75
13300,6,31,31,108,80
13310,6,32,31,105,80
13320,6,32,31,105,78
13330,6,32,31,104,80
13340,6,33,31,112,77
13350,6,33,31,112,83
13360,7,33,34,108,78
13370,7,33,34,113,81
13380,8,33,34,108,85
13390,8,34,36,106,85
13400,8,35,36,105,87
13410,8,34,38,104,88
13420,8,34,37,101,91
13430,8,33,36,96,89
13440,8,33,37,100,87
13450,8,35,37,102,88
13460,8,36,39,106,86
13470,9,38,40,105,81
13480,9,39,41,103,77
13490,9,41,39,105,76
13500,10,42,39,104,70
13510,10,42,40,103,70
13520,10,43,41,96,71
13530,10,43,39,91,69
13540,10,45,40,87,65
13550,11,45,40,84,62
13560,11,47,40,82,59
13570,10,45,42,84,59
13580,10,45,42,86,57
13590,10,46,42,82,59
13600,10,50,44,80,59
13610,10,51,45,82,61
13620,10,51,44,79,68
13630,10,50,44,80,71
13640,11,50,44,80,75
13650,11,51,45,86,75
13660,11,50,45,89,75
13670,11,49,45,87,70
13680,11,50,44,88,73
13690,11,50,44,92,77
13700,11,50,45,92,75
13710,11,52,48,96,72
13720,11,51,49,95,70
13730,11,54,49,91,74
13740,11,53,49,94,77
13750,11,54,49,91,74
13760,11,54,49,85,75
13770,11,53,49,79,70
13780,11,59,48,75,65
13790,11,60,49,72,66
13800,11,60,48,68,68
13810,11,60,48,65,67
13820,11,58,47,64,70
13830,11,57,47,58,62
13840,11,57,46,56,60
13850,11,57,48,60,59
13860,11,57,49,60,63
13870,11,56,48,63,64
13880,12,58,51,67,59
13890,12,58,50,67,57
13900,11,60,50,72,55
13910,10,59,50,69,55
13920,10,57,48,63,59
13930,11,59,49,60,63
13940,12,60,51,61,60
13950,12,62,53,68,58
13960,12,63,53,69,59
13970,12,64,53,74,62
13980,11,65,54,77,68
13990,11,64,54,74,67
14000,11,64,55,73,69
14010,11,62,56,79,69
14020,12,62,56,78,67
14030,12,61,56,79,71
14040,12,62,58,76,72
14050,13,62,60,71,70
14060,13,61,61,71,70
14070,13,60,61,66,65
14080,13,59,62,67,66
14090,13,58,63,70,65
14100,13,59,63,75,66
14110,13,59,65,78,71
14120,13,59,66,81,68
14130,14,60,66,78,68
14140,14,61,66,82,70
14150,14,61,65,87,67
14160,14,60,65,85,62
14170,14,61,65,90,63
14180,14,62,64,86,65
14190,14,62,62,82,63
14200,14,65,61,77,67
14210,13,66,61,75,69
14220,13,65,62,78,69
14230,13,64,63,79,70
14240,14,62,62,83,71
14250,14,62,61,87,73
14260,14,59,61,86,70
14270,14,60,62,79,71
14280,14,58,63,80,74
14290,14,58,64,80,72
14300,14,60,63,82,67
14310,14,62,67,89,71
14320,13,62,66,88,68
14330,13,64,67,81,65
14340,13,64,69,81,69
14350,13,65,64,87,66
14360,13,66,64,91,67
14370,14,66,63,94,67
14380,14,64,62,100,67
14390,14,63,62,100,63
14400,14,62,62,94,63
14410,14,62,64,89,64
14420,14,61,64,90,66
14430,14,62,65,88,66
14440,14,62,66,86,59
14450,15,61,66,89,66
14460,15,58,69,84,66
14470,15,57,69,85,71
14480,17,57,69,84,64
14490,17,57,69,78,61
14500,17,56,71,79,61
14510,18,58,72,81,66
14520,18,58,72,87,67
14530,18,55,73,83,65
14540,18,55,73,87,68
14550,19,57,72,82,70
14560,19,57,72,83,72
14570,17,56,71,87,66
14580,17,54,69,93,61
14590,17,53,69,96,67
14600,17,52,71,94,67
14610,17,54,71,90,68
14620,17,55,71,86,68
14630,17,55,72,88,72
14640,17,55,73,88,67
14650,17,56,73,89,70
14660,17,55,73,80,68
14670,19,55,73,80,67
14680,19,54,73,78,67
14690,20,51,74,79,69
14700,20,50,71,77,68
14710,20,47,69,74,69
14720,20,47,66,71,71
14730,20,47,66,77,70
14740,21,47,63,80,72
14750,22,46,61,77,75
14760,22,46,61,85,71
14770,22,46,58,83,70
14780,22,44,59,81,70
14790,23,46,55,80,75
14800,23,47,52,82,77
14810,25,46,50,90,78
14820,25,47,48,96,84
14830,25,45,49,98,85
14840,25,47,50,104,82
14850,25,47,51,101,84
14860,25,44,51,107,83
14870,26,43,51,105,88
14880,26,41,49,108,90
14890,26,42,49,107,86
14900,26,42,49,106,82
14910,26,43,44,101,86
14920,28,40,44,99,91
14930,28,39,43,102,90
14940,28,36,43,98,89
14950,31,36,43,105,90
14960,31,35,43,109,91
14970,31,34,41,110,87
14980,31,35,39,110,89
14990,31,34,36,114,91
15000,31,34,36,120,93
15010,32,36,36,121,96
15020,35,36,33,120,91
15030,35,33,27,123,92
15040,35,30,25,122,97
15050,35,25,25,123,99
15060,35,24,24,127,99
15070,36,23,23,130,98
15080,35,22,23,127,100
15090,34,22,25,128,101
15100,34,21,25,127,103
15110,34,19,21,123,105
15120,35,15,21,129,109
15130,35,15,21,129,109
15140,36,15,21,133,107
15150,35,15,20,139,106
15160,36,13,19,145,107
15170,36,14,18,143,113
15180,35,14,18,141,113
15190,34,13,18,141,114
15200,33,14,18,145,117
15210,33,13,17,146,118
15220,35,11,17,146,115
15230,35,11,15,148,117
15240,35,10,14,148,120
15250,35,8,13,149,122
15260,35,9,13,149,125
15270,36,9,13,150,127
15280,36,10,12,154,123
15290,35,10,12,159,125
15300,36,9,12,156,124
15310,36,10,11,158,122
15320,35,8,11,154,121
15330,35,7,11,155,122
15340,35,6,11,152,120
15350,35,6,8,157,119
15360,35,6,7,159,119
15370,35,6,6,160,123
15380,34,6,6,162,124
15390,34,6,7,159,124
15400,35,6,7,162,124
15410,33,6,7,165,123
15420,33,6,7,167,123
15430,32,5,7,167,128
15440,32,4,7,171,128
15450,32,4,7,172,129
15460,31,4,6,171,130
15470,32,4,6,171,131
15480,30,4,6,172,132
15490,29,5,7,175,133
15500,27,5,7,179,134
15510,27,6,8,180,133
15520,26,6,9,180,132
15530,26,6,9,180,132
15540,24,7,9,180,133
15550,23,7,8,181,132
15560,22,7,8,179,134
15570,20,6,7,177,133
15580,19,6,7,175,131
15590,19,6,7,176,132
15600,18,6,7,175,129
15610,17,6,6,174,129
15620,16,5,6,173,128
15630,16,5,6,174,128
15640,16,5,6,176,130
15650,14,6,6,174,129
15660,13,7,6,174,128
15670,13,7,6,175,127
15680,13,8,6,174,125
15690,13,8,7,174,122
15700,11,8,7,173,122
15710,11,9,7,173,119
15720,10,10,7,171,117
15730,9,10,7,169,116
15740,8,9,7,168,116
15750,8,9,6,171,120
15760,7,9,6,172,117
15770,7,9,5,170,118
15780,7,9,4,171,118
15790,7,9,5,169,119
15800,7,9,5,169,121
15810,6,9,5,170,122
15820,6,9,5,169,124
15830,6,9,5,171,127
15840,6,10,5,169,127
15850,6,10,5,170,127
15860,6,11,5,169,130
15870,6,11,5,165,135
15880,6,11,5,163,138
15890,6,12,5,161,138
15900,6,12,4,162,140
15910,5,12,4,163,142
15920,5,14,4,160,141
15930,5,15,3,159,141
15940,5,15,4,154,142
15950,5,15,4,154,140
15960,5,16,4,152,140
15970,5,16,5,157,138
15980,5,17,5,155,138
15990,5,18,5,152,138
16000,5,20,5,149,138
16010,5,21,5,146,135
16020,5,21,5,147,135
16030,5,21,5,143,134
16040,5,22,5,141,132
16050,5,22,5,137,131
16060,5,23,5,135,130
16070,4,24,5,131,128
16080,4,25,5,130,127
16090,3,27,5,129,126
16100,3,26,5,127,126
16110,3,27,5,125,126
16120,3,28,6,126,125
16130,3,28,6,122,124
16140,3,28,6,116,122
16150,3,32,6,111,122
16160,3,32,6,108,123
16170,3,34,7,103,120
16180,3,34,7,104,117
16190,3,36,7,98,119
16200,3,36,8,96,118
16210,3,35,8,95,117
16220,4,34,9,95,116
16230,4,35,9,99,117
16240,4,36,9,95,117
16250,4,37,10,95,119
16260,4,37,11,94,117
16270,4,39,13,92,113
16280,4,42,12,88,110
16290,4,43,12,83,105
16300,4,43,13,76,102
16310,4,46,13,78,99
16320,4,49,13,81,98
16330,4,51,13,84,100
16340,4,52,14,83,94
16350,4,54,14,83,86
16360,4,56,14,77,87
16370,4,56,16,80,88
16380,4,58,16,77,84
16390,4,59,16,72,83
16400,4,61,16,74,80
16410,4,63,16,70,74
16420,4,62,16,74,77
16430,4,62,16,68,76
16440,4,64,16,70,79
16450,4,64,17,69,81
16460,4,65,18,73,79
16470,4,66,20,75,78
16480,4,67,20,73,76
16490,4,67,21,70,77
16500,4,69,22,67,82
16510,4,70,21,63,80
16520,4,72,23,61,79
16530,4,73,23,63,78
16540,6,74,23,62,74
16550,6,77,24,62,73
16560,6,78,25,57,69
16570,6,79,24,58,65
16580,6,83,25,49,64
16590,6,84,24,50,65
16600,6,88,24,48,63
16610,6,89,24,56,62
16620,6,92,24,55,64
16630,6,93,25,55,62
16640,6,94,26,55,62
16650,6,93,26,52,63
16660,6,94,25,55,64
16670,6,94,26,50,66
16680,7,95,26,50,63
16690,7,97,26,53,63
16700,7,97,26,55,62
16710,7,100,25,61,68
16720,7,101,24,65,69
16730,7,100,26,61,67
16740,7,100,26,60,71
16750,7,103,27,59,72
16760,7,105,27,62,73
16770,7,107,28,59,76
16780,9,105,28,63,80
16790,9,105,28,63,82
16800,9,105,28,63,77
16810,9,105,28,63,78
16820,9,107,29,61,79
16830,9,106,28,60,81
16840,10,106,28,64,75
16850,10,109,29,62,74
16860,10,111,29,59,76
16870,10,113,30,55,79
16880,10,115,30,54,80
16890,10,115,30,51,77
16900,10,113,29,55,75
16910,10,112,29,57,73
16920,10,113,29,62,71
16930,10,114,29,63,68
16940,11,114,32,68,72
16950,11,112,32,71,72
16960,11,108,32,67,71
16970,11,108,34,65,68
16980,11,109,32,64,66
16990,12,109,34,60,67
17000,12,109,34,54,65
17010,12,108,34,55,61
17020,12,107,35,53,58
17030,12,104,35,54,56
17040,12,106,35,55,58
17050,13,107,34,59,57
17060,13,109,34,64,59
17070,13,108,36,63,56
17080,13,106,36,57,57
17090,13,105,34,62,60
17100,14,105,34,63,63
17110,15,105,35,65,61
17120,15,104,36,58,64
17130,15,105,36,59,64
17140,15,105,37,61,63
17150,15,104,37,61,58
17160,16,107,38,62,60
17170,16,104,38,59,63
17180,16,98,40,61,65
17190,17,95,41,62,61
17200,17,95,40,60,57
17210,17,98,40,64,57
17220,17,99,39,68,59
17230,17,99,39,68,54
17240,17,99,39,60,52
17250,17,98,40,57,53
17260,17,97,41,58,58
17270,17,97,40,55,59
17280,17,94,42,54,56
17290,17,92,42,50,57
17300,18,94,45,58,61
17310,18,96,46,59,62
17320,18,92,46,61,62
17330,19,92,47,65,61
17340,19,89,49,69,66
17350,20,92,50,77,69
17360,20,91,51,76,69
17370,19,90,51,76,66
17380,19,89,52,79,66
17390,19,91,52,81,67
17400,19,91,56,83,68
17410,18,90,56,77,68
17420,18,90,57,75,60
17430,18,93,56,76,59
17440,19,93,56,74,55
17450,18,92,56,72,53
17460,19,90,54,76,51
17470,20,87,53,78,48
17480,19,84,51,77,48
17490,21,84,51,72,47
17500,22,83,51,73,50
17510,22,81,52,78,49
17520,22,79,51,76,57
17530,22,78,51,78,59
17540,22,80,48,83,61
17550,23,81,48,84,62
17560,23,81,47,86,65
17570,23,80,49,91,70
17580,23,79,48,94,68
17590,23,77,43,93,75
17600,23,78,44,94,79
17610,24,76,41,91,83
17620,24,76,42,99,87
17630,24,74,42,102,85
17640,24,71,42,96,89
17650,25,70,42,95,87
17660,25,68,41,90,93
17670,25,68,40,97,94
17680,25,63,39,102,93
17690,26,62,38,104,95
17700,26,61,37,101,95
17710,26,64,36,98,95
17720,26,62,36,90,90
17730,26,59,36,85,90
17740,27,56,36,86,86
17750,27,57,36,86,82
17760,26,56,36,80,82
17770,26,54,35,81,81
17780,26,56,33,84,81
17790,26,55,33,86,79
17800,26,55,33,86,82
17810,25,51,31,87,81
17820,25,47,31,91,79
17830,25,46,31,88,77
17840,25,45,31,92,75
17850,26,44,32,89,72
17860,27,44,32,83,75
17870,27,43,32,81,78
17880,27,42,32,89,76
17890,27,40,32,92,75
17900,27,41,32,97,79
17910,27,39,32,102,78
17920,28,37,32,102,79
17930,28,34,31,104,80
17940,28,32,31,110,78
17950,27,30,30,115,75
17960,27,31,30,116,77
17970,30,30,29,114,79
17980,30,30,30,117,81
17990,30,28,33,118,85
18000,30,27,32,119,88
18010,31,27,30,122,83
18020,32,26,30,126,84
18030,32,26,32,125,87
18040,32,27,32,128,90
18050,32,27,32,129,89
18060,32,26,29,128,92
18070,32,27,28,128,93
18080,32,28,25,132,93
18090,33,28,25,133,98
18100,33,28,23,134,100
18110,34,27,22,135,96
18120,34,28,22,136,95
18130,34,27,22,137,97
18140,34,27,22,140,96
18150,34,27,22,142,99
18160,34,27,22,135,103
18170,34,26,22,135,103
18180,34,24,23,134,104
18190,34,22,23,138,107
18200,34,20,23,135,107
18210,33,19,23,136,106
18220,33,17,21,138,101
18230,33,17,20,138,104
18240,32,15,20,138,106
18250,32,16,20,140,107
18260,31,16,19,140,110
18270,31,16,17,142,108
18280,31,16,14,140,109
18290,30,16,15,138,108
18300,32,15,15,138,107
18310,33,14,15,141,106
18320,34,15,15,140,106
18330,34,14,17,141,105
18340,34,14,20,144,102
18350,34,13,20,148,105
18360,34,13,20,151,104
18370,34,13,20,153,107
18380,35,13,20,153,107
18390,34,12,20,156,107
18400,33,12,19,155,108
18410,32,13,20,158,108
18420,32,12,20,159,111
18430,32,12,20,159,109
18440,31,11,20,157,111
18450,30,11,20,157,111
18460,29,11,20,162,111
18470,28,11,20,161,113
18480,27,11,20,164,111
18490,26,10,19,163,114
18500,26,10,19,165,113
18510,26,11,21,163,113
18520,25,10,21,163,117
18530,24,9,20,164,116
18540,23,9,20,165,114
18550,22,7,20,164,114
18560,22,8,21,164,111
18570,19,7,21,164,107
18580,19,7,22,166,106
18590,17,5,24,166,101
18600,17,5,22,170,99
18610,17,5,22,171,98
18620,17,5,24,176,95
18630,17,5,25,176,99
18640,17,5,27,178,97
18650,16,5,27,178,97
18660,15,5,25,179,96
18670,15,4,24,179,92
18680,15,4,25,179,90
18690,15,4,25,179,91
18700,15,4,25,179,89
18710,15,4,25,179,90
18720,15,4,25,180,93
18730,14,5,26,180,89
18740,14,5,25,180,95
18750,13,5,24,178,95
18760,13,5,23,177,98
18770,13,5,25,174,95
18780,13,5,24,171,94
18790,13,6,25,169,91
18800,13,6,24,172,90
18810,13,6,25,170,91
18820,13,6,26,170,92
18830,12,7,25,171,87
18840,12,7,25,166,88
18850,12,7,25,161,90
18860,11,7,25,159,90
18870,11,7,25,159,89
18880,11,7,26,156,97
18890,12,7,28,154,95
18900,12,7,28,150,93
18910,12,7,28,144,91
18920,10,7,28,144,93
18930,10,7,28,142,88
18940,11,7,27,142,91
18950,11,6,28,138,91
18960,11,6,30,140,90
18970,11,6,31,141,91
18980,11,7,30,137,97
18990,10,7,29,139,95
19000,10,7,31,139,96
19010,10,7,32,138,98
19020,10,7,33,141,93
19030,10,7,33,143,89
19040,10,7,33,147,89
19050,10,7,32,151,89
19060,10,7,33,154,87
19070,10,7,33,155,90
19080,10,8,35,155,88
19090,10,9,36,155,87
19100,10,10,36,156,87
19110,10,11,36,156,90
19120,9,12,35,157,88
19130,9,12,35,154,84
19140,10,12,34,154,82
19150,10,12,33,153,77
19160,9,12,36,155,72
19170,10,12,36,154,78
19180,10,13,38,151,75
19190,10,14,38,150,76
19200,10,14,40,146,75
19210,10,15,40,145,79
19220,10,16,39,140,76
19230,10,16,42,144,78
19240,9,15,43,139,81
19250,9,15,44,133,79
19260,9,15,46,130,78
19270,9,15,46,128,74
19280,9,15,46,126,78
19290,9,15,45,123,79
19300,9,16,46,122,81
19310,8,16,50,121,82
19320,8,17,50,115,80
19330,8,18,51,118,79
19340,8,21,53,112,77
19350,8,22,54,113,75
19360,8,21,54,114,67
19370,7,21,56,110,69
19380,7,21,57,106,64
19390,7,22,57,109,57
19400,7,22,57,110,56
19410,7,23,59,101,56
19420,7,23,61,102,61
19430,7,25,63,104,57
19440,6,26,62,103,53
19450,6,26,62,102,48
19460,6,25,65,104,48
19470,6,26,65,100,48
19480,6,27,68,96,50
19490,6,28,68,96,49
19500,6,28,69,96,52
19510,7,28,70,93,57
19520,7,29,69,102,55
19530,7,29,70,106,60
19540,7,29,71,103,58
19550,7,30,74,102,59
19560,7,30,74,99,57
19570,7,32,75,96,57
19580,7,32,78,93,56
19590,7,32,79,93,59
19600,7,32,78,95,61
19610,7,32,78,83,51
19620,7,34,77,90,52
19630,7,35,78,95,55
19640,7,36,77,97,54
19650,7,36,76,93,52
19660,7,36,76,90,47
19670,7,36,76,79,48
19680,7,38,78,75,51
19690,7,39,79,79,50
19700,7,39,81,76,52
19710,7,40,83,77,53
19720,7,41,83,73,53
19730,7,42,81,66,50
19740,7,42,83,65,49
19750,7,42,86,64,51
19760,7,43,87,70,61
19770,7,43,87,68,60
19780,7,44,88,61,56
19790,8,45,88,64,60
19800,8,45,88,63,61
19810,9,44,88,69,57
19820,9,44,88,69,54
19830,9,45,87,73,48
19840,9,45,84,72,51
19850,9,46,84,76,44
19860,9,48,85,74,41
19870,9,48,85,75,40
19880,9,48,87,79,39
19890,10,48,89,80,39
19900,10,47,90,82,44
19910,10,47,90,85,49
19920,11,46,93,86,44
19930,11,48,93,87,45
19940,12,48,95,84,39
19950,12,48,96,90,40
19960,12,47,96,83,48
19970,12,48,97,84,44
19980,12,50,96,87,51
19990,12,50,95,82,56
20000,12,51,95,84,59
20010,12,49,95,82,57
20020,12,49,97,80,50
20030,12,49,98,82,51
20040,12,50,97,77,50
20050,12,50,98,72,45
20060,12,51,98,68,47
20070,12,52,98,65,49
20080,11,51,99,60,48
20090,11,51,99,71,50
20100,11,52,99,75,50
20110,12,51,97,75,52
20120,12,50,98,71,56
20130,12,50,99,67,53
20140,13,51,99,71,46
20150,13,51,100,71,52
20160,13,51,100,66,53
20170,13,51,102,62,54
20180,13,52,105,55,52
20190,13,54,105,57,59
20200,13,55,105,58,62
20210,12,56,105,57,58
20220,14,56,104,58,58
20230,15,55,105,68,57
20240,15,55,105,74,53
20250,16,54,104,75,54
20260,17,51,103,71,50
20270,17,51,102,67,49
20280,17,50,99,61,48
20290,17,50,98,61,51
20300,17,53,96,58,48
20310,17,54,98,61,47
20320,17,54,96,59,49
20330,17,53,96,57,49
20340,17,53,97,65,49
20350,17,52,96,64,47
20360,17,53,96,66,48
20370,18,52,96,67,49
20380,18,50,96,67,46
20390,19,51,94,65,47
20400,21,53,96,67,48
20410,20,54,93,63,52
20420,21,54,93,62,54
20430,21,54,93,65,53
20440,22,55,92,71,57
20450,22,55,91,70,61
20460,22,55,87,71,59
20470,22,55,86,71,64
20480,23,55,86,78,66
20490,23,56,85,76,67
20500,23,57,85,84,68
20510,23,57,88,84,73
20520,24,56,88,83,70
20530,25,57,89,85,67
20540,26,56,87,86,69
20550,26,54,86,84,62
20560,27,49,81,86,62
20570,27,49,82,90,61
20580,28,49,79,90,64
20590,28,49,75,94,62
20600,28,49,76,95,59
20610,28,49,76,96,63
20620,28,48,76,97,59
20630,28,48,78,97,59
20640,29,49,77,98,58
20650,29,48,79,104,58
20660,28,48,72,102,55
20670,27,49,71,103,54
20680,27,48,69,101,58
20690,27,48,69,107,54
20700,28,46,68,108,57
20710,28,44,65,105,58
20720,29,44,63,106,57
20730,30,43,62,109,62
20740,31,45,61,109,63
20750,33,46,61,106,65
20760,33,45,61,105,68
20770,33,46,61,106,72
20780,33,46,59,104,73
20790,34,44,57,104,69
20800,34,44,55,104,73
20810,35,45,52,102,74
20820,35,42,51,105,81
20830,35,40,47,102,81
20840,35,40,43,108,83
20850,35,39,42,111,85
20860,35,38,41,108,86
20870,35,38,37,111,82
20880,35,36,37,112,82
20890,36,36,36,119,83
20900,37,36,33,123,86
20910,38,35,28,123,86
20920,38,32,27,125,87
20930,39,32,26,125,91
20940,39,32,26,127,94
20950,40,33,25,123,94
20960,39,33,25,128,96
20970,40,30,27,130,99
20980,40,28,27,133,103
20990,40,26,26,137,109
21000,40,25,26,139,111
21010,39,25,26,144,114
21020,38,27,25,142,116
21030,38,27,25,145,116
21040,38,23,23,146,118
21050,38,22,22,147,120
21060,38,20,20,151,119
21070,38,19,18,154,117
21080,39,18,18,157,117
21090,40,16,19,158,118
21100,41,14,18,161,118
21110,41,12,18,164,117
21120,41,11,16,165,117
21130,41,12,15,167,118
21140,41,11,13,167,112
21150,39,10,13,166,113
21160,37,10,11,167,113
21170,36,9,10,167,120
21180,34,9,10,166,119
21190,34,9,11,169,120
21200,34,9,11,171,122
21210,34,9,11,173,122
21220,34,9,11,173,121
21230,34,9,11,173,120
21240,31,9,11,172,120
21250,31,9,11,174,118
21260,32,10,11,171,118
21270,32,10,11,171,117
21280,32,10,11,171,118
21290,31,10,12,175,122
21300,31,10,12,176,123
21310,31,10,12,177,122
21320,31,9,12,176,122
21330,30,9,12,177,121
21340,28,9,11,176,120
21350,27,9,11,175,119
21360,28,7,11,177,120
21370,28,7,11,177,123
21380,27,6,11,175,124
21390,25,6,11,174,124
21400,24,6,10,175,126
21410,23,5,9,175,127
21420,22,5,7,177,127
21430,22,5,7,177,126
21440,22,5,7,178,128
21450,21,4,4,179,127
21460,22,4,4,179,128
21470,21,2,5,182,129
21480,21,2,5,182,132
21490,21,2,5,184,134
21500,20,2,4,184,136
21510,20,2,4,184,137
21520,18,2,4,184,136
21530,16,2,4,184,137
21540,16,2,4,185,138
21550,15,2,5,185,138
21560,15,2,5,187,137
21570,15,2,5,188,138
21580,13,2,5,188,138
21590,13,1,6,188,137
21600,12,1,6,189,137
21610,12,1,6,191,137
21620,11,1,6,193,136
21630,11,1,6,192,136
21640,11,1,6,190,136
21650,11,2,6,189,132
21660,11,2,6,186,131
21670,10,2,6,186,132
21680,11,2,6,185,130
21690,11,2,6,185,131
21700,11,2,6,185,130
21710,10,2,6,187,131
21720,9,3,8,187,131
21730,9,3,8,186,131
21740,7,3,8,186,131
21750,7,3,8,186,132
21760,7,3,8,185,129
21770,6,3,8,184,130
21780,6,3,8,184,131
21790,6,3,8,184,128
21800,6,4,8,184,130
21810,6,2,8,185,130
21820,5,0,8,186,127
21830,5,0,8,187,128
21840,5,0,8,188,126
21850,5,0,8,188,127
21860,5,0,9,187,125
21870,5,0,9,186,122
21880,5,0,10,188,122
21890,5,0,10,187,121
21900,5,0,9,187,120
21910,5,0,10,187,121
21920,5,0,10,187,121
21930,5,0,11,188,120
21940,4,0,11,188,122
21950,3,0,12,189,122
21960,3,0,12,189,120
21970,3,0,12,189,122
21980,3,0,12,188,120
21990,2,0,13,189,121
22000,2,0,14,189,117
22010,2,0,16,190,119
22020,2,0,17,191,122
22030,2,0,17,190,118
22040,2,0,18,191,116
22050,2,0,19,191,115
22060,2,0,19,192,118
22070,2,0,19,191,114
22080,2,0,20,191,109
22090,2,0,20,192,106
22100,2,0,22,191,102
22110,1,0,22,190,98
22120,1,0,22,189,98
22130,1,0,23,191,100
22140,1,0,23,189,97
22150,1,0,26,189,97
22160,1,0,30,186,93
22170,1,0,30,187,94
22180,1,0,32,187,96
22190,1,0,32,184,95
22200,1,0,34,182,94
22210,1,0,34,182,89
22220,1,0,34,180,90
22230,1,0,34,178,91
22240,1,0,34,178,86
22250,1,0,35,178,90
22260,1,0,35,179,91
22270,1,0,34,181,86
22280,1,0,35,178,83
22290,1,0,37,175,82
22300,1,0,40,169,80
22310,1,0,40,173,82
22320,1,0,41,171,75
22330,1,0,42,169,73
22340,1,0,42,170,76
22350,1,0,42,169,74
22360,1,0,43,165,73
22370,1,0,44,164,70
22380,1,0,44,162,72
22390,1,0,44,160,77
22400,1,0,45,157,72
22410,1,0,47,156,74
22420,1,0,49,154,77
22430,1,0,50,152,71
22440,1,0,50,153,72
22450,1,0,51,155,75
22460,1,0,51,153,71
22470,1,0,52,151,68
22480,1,0,54,150,68
22490,1,0,57,145,66
22500,1,0,57,143,67
22510,1,0,57,143,60
22520,1,0,57,147,60
22530,1,0,58,147,60
22540,1,0,59,149,57
22550,1,0,60,152,59
22560,1,0,62,148,56
22570,1,0,65,148,53
22580,1,0,68,148,57
22590,1,0,68,150,52
22600,1,0,73,151,46
22610,1,0,75,146,45
22620,1,0,77,146,44
22630,1,0,78,147,44
22640,1,0,79,152,44
22650,1,0,80,151,39
22660,1,0,81,149,46
22670,1,0,83,143,46
22680,1,0,84,143,40
22690,1,0,85,141,40
22700,1,0,88,136,37
22710,1,0,88,138,37
22720,1,0,90,134,38
22730,1,0,90,133,37
22740,1,0,94,128,41
22750,1,0,97,128,44
22760,1,0,96,130,45
22770,1,0,100,126,52
22780,1,0,100,123,49
22790,1,0,102,119,42
22800,1,0,103,112,46
22810,1,0,105,111,43
22820,1,0,106,110,37
22830,1,0,107,102,42
22840,1,0,112,98,46
22850,1,0,112,97,48
22860,1,0,113,95,47
22870,1,0,116,96,44
22880,1,0,116,92,41
22890,1,0,121,91,34
22900,1,0,128,90,36
22910,1,0,128,91,35
22920,2,0,128,95,31
22930,2,0,128,95,33
22940,2,0,128,96,37
22950,2,0,129,101,33
22960,2,0,132,105,35
22970,2,0,133,102,41
22980,2,0,137,106,39
22990,2,0,142,104,34
23000,2,0,146,104,32
23010,2,0,148,103,36
23020,2,0,152,98,36
23030,2,0,156,103,34
23040,2,0,156,104,38
23050,2,0,158,100,38
23060,2,0,161,99,39
23070,2,0,162,95,37
23080,2,0,164,94,39
23090,2,0,165,87,37
23100,2,0,168,82,37
23110,2,0,170,76,37
23120,2,0,172,78,38
23130,2,0,176,82,38
23140,2,0,176,82,33
23150,2,0,178,84,37
23160,2,0,179,80,33
23170,3,0,179,83,36
23180,3,0,180,82,36
23190,3,0,183,79,38
23200,3,0,187,82,34
23210,3,0,189,80,33
23220,3,0,191,77,37
23230,3,0,192,78,36
23240,3,0,195,85,37
23250,3,0,199,93,37
23260,3,0,199,99,34
23270,3,0,199,100,30
23280,3,0,200,95,28
23290,2,0,200,89,31
23300,2,0,201,78,27
23310,2,0,201,79,30
23320,2,0,204,74,26
23330,2,0,204,72,31
23340,2,0,205,71,29
23350,2,0,205,67,30
23360,2,0,209,64,27
23370,2,0,212,66,26
23380,3,0,213,65,28
23390,3,0,213,57,30
23400,3,0,219,55,30
23410,3,0,221,48,31
23420,3,0,223,45,32
23430,3,0,222,51,29
23440,3,0,221,62,32
23450,3,0,224,73,28
23460,3,0,225,74,27
23470,3,0,225,71,25
23480,3,0,226,65,22
23490,3,0,230,63,26
23500,3,0,230,59,28
23510,3,0,231,61,30
23520,3,0,230,63,29
23530,3,0,234,58,25
23540,3,0,236,63,20
23550,3,0,237,61,23
23560,3,0,238,60,27
23570,3,0,240,56,28
23580,3,0,241,45,33
23590,3,0,242,39,32
23600,3,0,244,42,36
23610,3,0,248,45,33
23620,3,0,250,53,29
23630,3,0,250,58,31
23640,3,0,253,59,27
23650,3,0,251,66,23
23660,3,0,254,63,24
23670,3,0,254,62,23
23680,3,0,255,58,21
23690,3,0,254,53,21
23700,4,0,255,53,23
23710,4,0,256,54,25
23720,4,0,258,57,25
23730,4,0,258,57,25
23740,4,0,259,58,28
23750,4,0,262,44,30
23760,4,0,263,44,35
23770,4,0,264,40,39
23780,4,0,263,44,35
23790,4,0,264,50,32
23800,4,0,266,47,28
23810,4,0,269,44,26
23820,4,0,269,37,30
23830,4,0,270,42,31
23840,4,0,269,48,36
23850,4,0,268,51,36
23860,4,0,270,57,27
23870,4,0,271,62,29
23880,4,0,270,65,24
23890,4,0,268,62,23
23900,4,0,264,67,23
23910,4,0,265,60,23
23920,4,0,266,64,30
23930,5,0,264,54,35
23940,5,0,265,55,40
23950,6,0,267,57,45
23960,6,0,267,66,45
23970,6,0,267,76,40
23980,6,0,268,80,41
23990,6,0,269,77,40
24000,6,0,268,72,39
24010,6,0,268,64,42
24020,6,0,267,61,41
24030,6,0,266,67,47
24040,6,0,266,74,45
24050,6,0,266,80,39
24060,6,0,264,82,36
24070,6,0,264,77,35
24080,6,0,263,82,34
24090,6,0,262,75,36
24100,6,0,258,79,36
24110,6,0,256,72,39
24120,6,0,257,69,42
24130,6,0,257,68,39
24140,6,0,256,67,36
24150,6,0,253,72,37
24160,6,0,252,77,42
24170,6,0,253,82,41
24180,6,0,252,80,39
24190,6,0,250,74,34
24200,6,0,248,74,36
24210,7,0,247,75,38
24220,7,0,244,79,33
24230,7,0,244,75,31
24240,7,0,242,77,28
24250,7,0,244,69,32
24260,7,0,240,71,31
24270,7,0,239,73,33
24280,8,0,235,70,40
24290,8,0,234,75,42
24300,8,0,233,74,32
24310,8,0,233,76,30
24320,8,0,230,74,28
24330,8,0,226,71,28
24340,9,0,227,71,37
24350,9,0,225,69,39
24360,9,0,221,66,32
24370,9,0,220,68,35
24380,9,0,217,74,36
24390,9,0,216,71,35
24400,9,0,211,72,31
24410,10,0,210,76,34
24420,10,0,210,70,34
24430,10,0,212,75,30
24440,11,0,207,74,26
24450,12,0,205,77,36
24460,12,0,203,75,34
24470,12,0,201,77,36
24480,12,0,198,81,35
24490,12,0,195,85,31
24500,13,0,191,87,35
24510,13,0,188,92,38
24520,13,0,185,94,38
24530,14,0,184,97,39
24540,15,0,184,103,39
24550,15,0,186,108,41
24560,15,0,187,107,39
24570,15,0,186,108,35
24580,16,0,185,108,35
24590,16,0,183,108,40
24600,16,0,181,100,35
24610,16,0,181,97,34
24620,16,0,182,95,35
24630,17,0,177,92,38
24640,17,0,173,94,42
24650,17,0,169,95,40
24660,17,0,161,99,41
24670,17,0,160,99,38
24680,17,0,159,95,38
24690,18,0,158,96,39
24700,18,0,157,98,41
24710,18,0,153,100,35
24720,19,0,152,107,39
24730,19,0,148,102,41
24740,21,0,147,106,45
24750,21,0,146,110,47
24760,21,0,143,113,48
24770,21,0,142,111,48
24780,21,0,141,112,46
24790,21,0,140,109,46
24800,21,0,139,109,45
24810,21,0,138,104,45
24820,22,0,135,102,53
24830,22,0,135,107,57
24840,22,0,137,107,58
24850,21,0,136,105,54
24860,21,0,135,106,59
24870,21,0,133,104,55
24880,20,0,129,110,54
24890,20,0,128,108,49
24900,20,0,128,112,51
24910,21,0,130,115,52
24920,21,0,130,115,52
24930,21,0,127,115,55
24940,21,0,128,117,54
24950,21,0,126,116,51
24960,25,0,119,115,52
24970,26,0,116,119,50
24980,26,0,112,113,46
24990,26,0,109,115,50
25000,26,0,108,111,57
